{
  "best": "A3 K2.5 rsi15",
  "gate_passed": false,
  "metrics": {
    "A1 K3 rsi15": {
      "trades": 706,
      "win": 0.4631728045325779,
      "avg_win": 0.12409929568779379,
      "avg_loss": -0.05531147957110174,
      "rr": 2.2436444776037274,
      "pf": 1.8658777334794898,
      "h1": 0.4858757062146893,
      "h2": 0.4403409090909091,
      "per_market_win": {
        "EU": 0.49523809523809526,
        "HK": 0.46875,
        "JP": 0.40772532188841204,
        "US": 0.5
      },
      "cagr": 0.23760098041192923,
      "dd": -0.3280521965546861,
      "expectancy": 0.027786712368924944,
      "final": 1631316.5060096951,
      "avg_hold": 23.26628895184136
    },
    "A2 K4 rsi15": {
      "trades": 523,
      "win": 0.4627151051625239,
      "avg_win": 0.15339382534141635,
      "avg_loss": -0.07055110543707525,
      "rr": 2.1742228472696117,
      "pf": 1.7368253363317878,
      "h1": 0.4770992366412214,
      "h2": 0.4482758620689655,
      "per_market_win": {
        "EU": 0.3670886075949367,
        "HK": 0.4418604651162791,
        "JP": 0.47701149425287354,
        "US": 0.5
      },
      "cagr": 0.19841390072680176,
      "dd": -0.34229598738883316,
      "expectancy": 0.03307159675870863,
      "final": 1137890.465724773,
      "avg_hold": 31.97131931166348
    },
    "A3 K2.5 rsi15": {
      "trades": 938,
      "win": 0.42963752665245203,
      "avg_win": 0.1075267509451745,
      "avg_loss": -0.04777224329858742,
      "rr": 2.2508206339214127,
      "pf": 1.5402235423514297,
      "h1": 0.4531914893617021,
      "h2": 0.405982905982906,
      "per_market_win": {
        "EU": 0.43506493506493504,
        "HK": 0.42857142857142855,
        "JP": 0.4342105263157895,
        "US": 0.4233128834355828
      },
      "cagr": 0.21157753940773105,
      "dd": -0.3393663122567886,
      "expectancy": 0.018950032479915824,
      "final": 1285920.4004526248,
      "avg_hold": 16.847547974413647
    },
    "A4 K3 rsi10 deepdip": {
      "trades": 697,
      "win": 0.4347202295552367,
      "avg_win": 0.10855776714070348,
      "avg_loss": -0.051047616687897764,
      "rr": 2.126598148634823,
      "pf": 1.505576596940576,
      "h1": 0.46153846153846156,
      "h2": 0.407514450867052,
      "per_market_win": {
        "EU": 0.44715447154471544,
        "HK": 0.44036697247706424,
        "JP": 0.4170403587443946,
        "US": 0.44214876033057854
      },
      "cagr": 0.14233995107477004,
      "dd": -0.2453384846585498,
      "expectancy": 0.018336072408323446,
      "final": 665448.6236758729,
      "avg_hold": 22.525107604017215
    },
    "A5 K3 rsi15 mom>5%": {
      "trades": 703,
      "win": 0.4623044096728307,
      "avg_win": 0.12015939144290384,
      "avg_loss": -0.055099678795270605,
      "rr": 2.180763918595067,
      "pf": 1.7400079612821684,
      "h1": 0.48863636363636365,
      "h2": 0.4358974358974359,
      "per_market_win": {
        "EU": 0.4690265486725664,
        "HK": 0.4666666666666667,
        "JP": 0.4177215189873418,
        "US": 0.5021459227467812
      },
      "cagr": 0.2203742581219177,
      "dd": -0.30511758724184523,
      "expectancy": 0.02592336221099781,
      "final": 1394398.9241935513,
      "avg_hold": 22.982930298719772
    },
    "A6 two-stage 3.5->2.0": {
      "trades": 891,
      "win": 0.5409652076318743,
      "avg_win": 0.0870498723022256,
      "avg_loss": -0.06021266875972324,
      "rr": 1.4457069267199463,
      "pf": 1.7695629610903294,
      "h1": 0.5424107142857143,
      "h2": 0.5395033860045146,
      "per_market_win": {
        "EU": 0.5185185185185185,
        "HK": 0.5575757575757576,
        "JP": 0.5460992907801419,
        "US": 0.5372168284789643
      },
      "cagr": 0.20944961693317943,
      "dd": -0.3381013875768498,
      "expectancy": 0.01945124234225133,
      "final": 1260861.5647716483,
      "avg_hold": 17.80583613916947
    },
    "A7 K3 partial@1.5": {
      "trades": 852,
      "win": 0.6666666666666666,
      "avg_win": 0.059468766026702854,
      "avg_loss": -0.06984795384173781,
      "rr": 0.8514031228666737,
      "pf": 1.614473579700999,
      "h1": 0.6682242990654206,
      "h2": 0.6650943396226415,
      "per_market_win": {
        "EU": 0.712,
        "HK": 0.6713286713286714,
        "JP": 0.6585365853658537,
        "US": 0.6531986531986532
      },
      "cagr": 0.19009625734003843,
      "dd": -0.3374001522312009,
      "expectancy": 0.016363192737222636,
      "final": 1052538.9640062808,
      "avg_hold": 18.752347417840376
    },
    "A8 two-stage + mom>5%": {
      "trades": 877,
      "win": 0.5370581527936146,
      "avg_win": 0.08547167735229397,
      "avg_loss": -0.060960785256495724,
      "rr": 1.4020763839026575,
      "pf": 1.636689148788159,
      "h1": 0.5330296127562643,
      "h2": 0.541095890410959,
      "per_market_win": {
        "EU": 0.4765625,
        "HK": 0.5359477124183006,
        "JP": 0.5766423357664233,
        "US": 0.5279503105590062
      },
      "cagr": 0.18542259733625044,
      "dd": -0.36645169254936794,
      "expectancy": 0.0176819626212009,
      "final": 1007179.9284711324,
      "avg_hold": 17.65792474344356
    }
  },
  "yearly_best": {
    "2015": 0.0,
    "2016": 0.4388598425275647,
    "2017": 0.5408580081102188,
    "2018": -0.10722288364580934,
    "2019": 0.28788400144353243,
    "2020": 0.363331172696608,
    "2021": 0.09343131718973896,
    "2022": -0.10851742969497857,
    "2023": 0.10166887566209959,
    "2024": 0.5549438863580232,
    "2025": 0.5461114705300469,
    "2026": -0.005193870280435053
  }
}